accuracy,precision,recall,f1,roc_auc,brier,model
0.8701441102756893,0.5555555555555556,0.17462165308498254,0.2657218777679362,0.8428919242094617,0.09250025451183319,NeuralNetwork
0.7431077694235589,0.31811830461108526,0.7951105937136205,0.45442448436460414,0.8393421794257239,0.17100175019600974,LogisticRegression
0.8654448621553885,0.5,0.1909196740395809,0.2763268744734625,0.8382538888215805,0.09378277510404587,XGBoost
0.8591791979949874,0.4657534246575342,0.31664726426076834,0.376992376992377,0.8236005246551025,0.09968330136580428,RandomForest
